1238964990469484544,"PEMDA DKI SELALU SATU LANGKAH DI DEPAN dalam PENANGAN CORONA.GOODBENER @aniesbaswedan  NGGA PLANGAK PLONGOK.FAKTA!!ü§£ü§£‚Ä¶ https//t.co/yU02tL288N",positive,aniesbaswedan
1238977551600476160,"@ChristWamea @aniesbaswedan alhamdulillah kita punya saudara sebangsa yang selalu menjaga ukhuwwah wathoniyah,semoga‚Ä¶ https//t.co/nCvNeaMbAZ",positive,aniesbaswedan
1238965334888988674,"@OkaWijaya @jokowi Justru kami warga Jakarta berterima kasih kpd @aniesbaswedan Krn dg gamblangnya beliau ungkapkan‚Ä¶ https//t.co/4ncOyNZG5F",positive,aniesbaswedan
1238966066438537216,"@Hilmi28 @th3l4w @aniesbaswedan #IndonesiaButuhAnies",positive,aniesbaswedan
1238966264124465152,"Pemimpin jangan  suka cengengesan sprt org bodoh ",negative,aniesbaswedan
1238968816492634112,"@msaid_didu Ya betul, indonesia butuh pemimpin seperti @aniesbaswedan yang bukan kaleng-kaleng.",positive,aniesbaswedan
1238975294037299201,"@D_m3chy @idtodayco indonesia butuh pemimpin spt pak @aniesbaswedan ini, one of Top world leaders.‚Ä¶ https//t.co/psEZdaUe3h",positive,aniesbaswedan
1238975473889062912,"@GunRomli @aniesbaswedan Soalnya beda sdm nya broo sdm DKI lebih tanggap",positive,aniesbaswedan
1238975814017810433,"@Andyjoy38377815 @RyanDirhamsyah ini yang namanya pemimpin... Gubernur @aniesbaswedan . melakukan tugasnya sebagai ke‚Ä¶ https//t.co/DJW9QiZPut",positive,aniesbaswedan
1239700546178576384,"MasyaAllah Barokallah Pak @aniesbaswedan üôè Semoga bapak di beri kesehatan keselamatan dan selalu dalam lindungan-N‚Ä¶ https//t.co/y7smh9o6O0",positive,aniesbaswedan
1238973913159233537,"@LisaAmartatara3 Statement kelas seorang Presiden, Insya Allah pak @aniesbaswedan Presiden RI ke 8, aamiin...ü§≤",positive,aniesbaswedan
1238974410444308480,"@haifainayah @Anggarinii90 @aniesbaswedan Do it pak....asap....",positive,aniesbaswedan
1238974878356668418,"Saat ini indonesia butuh pemimpin mungkin @aniesbaswedan bisa bantu?indonesia butuh pemimpin https//t.co/jbs8mOpDPH",positive,aniesbaswedan
1242238519822544896,"@aniesbaswedan @tzuchiindonesia @dinkesJKT @BNPB_Indonesia alhamdulillah barokah pak anies, semoga dalam lindungan Al‚Ä¶ https//t.co/hvUDnyimdj",positive,aniesbaswedan
1242238693936513024,"@galangreal1 @DrTaufan1 @zarazettirazr @aniesbaswedan Terima kasih kawan infonya",positive,aniesbaswedan
1242237696203837441,"Semoga pak @aniesbaswedan dan para jajaran pemprov @DKIJakarta sehat selalu",positive,aniesbaswedan
1242236901056057345,"semoga dgn adanya corona makin smart n toleran,yang tinggal hidup di sini kita sama sama indonesia#stoprasis",positive,aniesbaswedan
1242236524571152385,"@gie_nakayah8 @aniesbaswedan @permadiaktivis @GunRomli Masyaallah tabarakallah....luar biasa pak @aniesbaswedan, sehat terus ya pak",positive,aniesbaswedan
1242236437472280576,"@marlina_idha @aniesbaswedan alhamdulillah....mantap Pak @aniesbaswedan Barakallah....",positive,aniesbaswedan
1242234898745708545,"@aniesbaswedan @tzuchiindonesia @dinkesJKT @BNPB_Indonesia Alhamdulillaah... terima kasih Saudaraku umat Budha üôè",positive,aniesbaswedan
1242234884095000576,"@aniesbaswedan @dinkesJKT @BNPB_Indonesia alhamdulillah, semoga wabah virus covid-19 ini cepat berhenti selamanya",positive,aniesbaswedan
1242234435501559808,"@aniesbaswedan @tzuchiindonesia @dinkesJKT @BNPB_Indonesia Kerjakan dengan baik dan sesuai Prosedur!",positive,aniesbaswedan
1242234184355192844,"alhamdulillah, malam ini tiba 100 ribu alat rapid-testing corona dan 50 ribu masker untuk digunakan di Jakarta. Terima kasih kami pada Yayasan Buddha Tzu Chi Indonesia. Hari Sabtu kemarin mereka mengabarkan, dan sesuai rencana Senin tiba di Jakarta.",positive,aniesbaswedan
1242233774965837826,"@gie_nakayah8 @aniesbaswedan @permadiaktivis @GunRomli MasyaaALLAH... Barakallah pak @aniesbaswedan ... Pemimpin Republik Indonesia",positive,aniesbaswedan
1242233771320991744,"Selalu respect sm yayasan yang satu ini.. konsisten berbuat amal yang gak pandang agama.. dan bantuan keuangan mereka juga luar biasa.. member2 nya org kaya yang sama sekali gak pelit..",positive,aniesbaswedan
1242233237197463552,"@aniesbaswedan @tzuchiindonesia Sehat dan sukses selalu, Do'a kami Bersamamu.",positive,aniesbaswedan
1242232744362401792,"@aniesbaswedan @tzuchiindonesia alhamdulillah.....insyaallah barokah.....",positive,aniesbaswedan
1242231819929440257,"@gie_nakayah8 @aniesbaswedan @permadiaktivis @GunRomli Harus sy akui,penanganan pemprov DKI terkait Corona amat sangat baik.",positive,aniesbaswedan
1242231504962347008,"@tempodotco INilah namanya dari rakyat untuk rakyat goodbener @aniesbaswedan",positive,aniesbaswedan
1242230894854733825,"Syukurlah alat yang didatangkan dari China dan sumbangan konglomerat China Jack Ma bisa membantu masyrakat banyak",positive,aniesbaswedan
1242230799807557636,"@marlina_idha @aniesbaswedan alhamdulillah. Tanpa harus menunggu lama. Semoga terpenuhi. Aamiin",positive,aniesbaswedan
1242230323049426945,"@aniesbaswedan @tzuchiindonesia alhamdulillah üò≠üò≠Barokallah Tetap semangat Pak...!!‚úä",positive,aniesbaswedan
1242230256687124481,"@Heinz_Fallen @GunRomli @aniesbaswedan Do'a yang sama buat ente Aamiin",positive,aniesbaswedan
1242228823451525122,"@aniesbaswedan @tzuchiindonesia Terima kasih,semoga menjadi ladang amal bagi yang memberi",positive,aniesbaswedan
1242228751162724352,"@aniesbaswedan @tzuchiindonesia Semoga pak Anis sehat terus dan warga DKI sanggup bekerja sama melawan pedemi ini",positive,aniesbaswedan
1242228607725924354,"Ayo bersama-sama kita lawan virus Corona... Tanggalkan ego masing-masing, dukung pemerintah untuk mengatasinya.",positive,aniesbaswedan
1242228387814338560,"@gie_nakayah8 @aniesbaswedan @permadiaktivis @GunRomli alhamdulillah.  Tahu ada niat begini aja udh seneng banget.",positive,aniesbaswedan
1242228255849095168,"Tul... Dari siapapun itu semoga pahalanya mengalir untuknya, dan semoga nama itu tetap terkunci rapat agar keikhlasannya tetap murni",positive,aniesbaswedan
1242226591075160064,"Kebaikan bisa datang darimana saja.. Terima kasih",positive,aniesbaswedan
1242226001389613056,"@sahabatanies_ Subhanallah, walhamdulilah, kami masih memiliki pemimpin yang amanah seperti beliau @aniesbaswedan",positive,aniesbaswedan
1242223297586053120,"Bukti bahwa bela rasa kemanusiaan itu lintas iman. https//t.co/8EfdjE6umd",positive,aniesbaswedan
1242220720559554561,"@gie_nakayah8 @aniesbaswedan @permadiaktivis @GunRomli Mantap bener",positive,aniesbaswedan
1242220788440166400,"@aniesbaswedan @saktiSHF @dinkesJKT @BNPB_Indonesia alhamdulillah mantap..",positive,aniesbaswedan
1242220520927629313,"@gie_nakayah8 @aniesbaswedan @permadiaktivis @GunRomli Masha Alloh. Semoga bermanfaat dan semoga segera berakhir.",positive,aniesbaswedan
1242230323049426945,"@aniesbaswedan @tzuchiindonesia alhamdulillah üò≠üò≠Barokallah Tetap semangat Pak...!!‚úä",positive,aniesbaswedan
1242601772180365312,"@mas__piyuuu @aniesbaswedan Setuju",positive,aniesbaswedan
1242601023551582208,"@YohanesPatty2 @aniesbaswedanSaatnya semua saling membahu memberikan bantuan, anda yang gak ngapa2in mending diam atau berdoa semoga wabah ini cepat berakhir",positive,aniesbaswedan
1242598617577172992,"@YohanesPatty2  @aniesbaswedan Semoga orang dayak konsisten menjaga toleransi, sehat selalu kawan",positive,aniesbaswedan
1242596649953718272,"Wa'alaikum salaam wr wb.  alhamdulillah kita semua dalam keadaan sehat wal'afiat",positive,aniesbaswedan
1242593593249824768,"@mas__piyuuu @aniesbaswedan yang dilakukan @aniesbaswedan sudah tepat",positive,aniesbaswedan
1242592920969990144,"@SahabatRG_ @DKIJakarta @aniesbaswedan Semoga hasilnya maksimal.",positive,aniesbaswedan
1242585420673642496,"@podoradong Insya Allah Pak @aniesbaswedan selalu sehat Aamiin Ya Robbal Alamiin",positive,aniesbaswedan
1242585488499691520,"@geiszchalifah We Love U and We Thank You @aniesbaswedan. Please lead us through this We Trust You",positive,aniesbaswedan
1242584344914362368,"@4smara1701 @msaid_didu @aniesbaswedan Setuju pak, yang masih bandel sikat aja pak....",positive,aniesbaswedan
1242578056444706817,"@marlina_idha @DKIJakarta Keren pak gubernur kita gubernur rasa presiden, terima kasih pak @aniesbaswedan",positive,aniesbaswedan
1242568635484213248,"@podoradong Ya Alloh semoga pak @aniesbaswedan sehat.",positive,aniesbaswedan
1242567930279161856,"@autumnove @DKIJakarta @aniesbaswedan alhamdulillah ..... Barakallahu goodbener",positive,aniesbaswedan
1242549376750358534,"@vitras212 @DKIJakarta @aniesbaswedan Semoga pekerja DKI di berikan kesehatan Aamiin",positive,aniesbaswedan
1242543603685003265,"@aniesbaswedan terima kasih buddha tzu chi atas bantuan nya, semoga berkah untuk masyarakat jakarta",positive,aniesbaswedan
1242535416655302656,"@OmBrewoks3 @aniesbaswedan dooong Om.. Semangat ya pak Anies.. barakallah",positive,aniesbaswedan
1242533683736633344,"Semoga wabah ini segera berlalu dan kita terkoneksi kembali.",positive,aniesbaswedan
1242532070506688512,"semua tak memandang dari segi manapun, hanya 1 yang di fokuskan, PERSATUAN INDONESIA !!! https//t.co/dFLlwkxKbw",positive,aniesbaswedan
1242529293361504256,"@geiszchalifah @BundaZahwa74 Insya allah,,  doa yang terbaik mengalir bagaikan air yang deras buat pak @aniesbaswedan ,,,",positive,aniesbaswedan
1242520687018831872,"Pak @aniesbaswedan rakyat dan dunia melihat kerja anda. Bangsa ini beruntung ada gubernur DKI yang tanggap dan cepat",positive,aniesbaswedan
1242516990238978048,"@ajplus a very good idea to help those who needed help @aniesbaswedan @ganjarpranowo @jokowi",positive,aniesbaswedan
1242515088214347776,"@podoradong Semoga abang @aniesbaswedan dan keluaraga di berikesehatan.dan selalu di jaga dimana berada. Amin ya allah.",positive,aniesbaswedan
1242511893014523904,"Kerja Keras, Kerja Cerdas, Kerja Ikhlas, Kerja Tuntas,, saya tau ucapan itu dulu dari pa @aniesbaswedan , good job",positive,aniesbaswedan
1242499903323918336,"@aniesbaswedan @Yuhartono_Dendy @tzuchiindonesia  Semangat pak!,",positive,aniesbaswedan
1241513934240329730,"Beliau pemimpin bangsa ini, yang peduli.akan nasib bangsa Semoga Allah melindungi dan menjaga pa @aniesbaswedan",positive,aniesbaswedan
1241513385922932736,"@Cobeh09 @aniesbaswedan barokallah bang anies..kmi sangat mengapresiasi langkah2 bang anies dalam menyelematkan jakarta",positive,aniesbaswedan
1241506057731452928,"@marlina_idha @aniesbaswedan Emang GoodBener Pak Anies ini.",positive,aniesbaswedan
1241504168843440129,"@4smara1701 @aniesbaswedan Masya Allah Yaa Allah Lindungi dan Rahmati bangsa dan negri kami Yaa Allah",positive,aniesbaswedan
1241493764121616384,"Kami sebagai Warga Negara Indonesia juga salut dengan kepemimpinan Bang @aniesbaswedan menangani Covid-19 di DKI Jakarta.",positive,aniesbaswedan
1241490019799482370,"Upaya pak gubernur @aniesbaswedan membantu rakyat miskin, terima kasih. ",positive,aniesbaswedan
1241487302846590976,"@erna_st sudahlah kita hrs bersyukur punya Gubernur Hebat sekelas Bpk @aniesbaswedan yang bgtu sgt peduli dg warganya",positive,aniesbaswedan
1241485430152781824,"@dr_koko28 @iPhoel_S @jokowi @aniesbaswedan Setujuuuuuuu",positive,aniesbaswedan
1241479058824630272,"@marlina_idha @aniesbaswedan Barokalloh Pak @aniesbaswedan Ayo Yth Bapak @ridwankamil bergerak lebih tanggap karen‚Ä¶ https//t.co/PcNGWFnExs",positive,aniesbaswedan
1241470745051422720,"@marlina_idha @aniesbaswedan Semangat pak, semoga semua rakyat nurut sama bapaküò≠üò≠",positive,aniesbaswedan
1241419878239580161,"@4smara1701 @DonAdam68 @aniesbaswedan Semoga Pak @aniesbaswedan diberikan kekuatan dan kemudahan ü§≤üò≠",positive,aniesbaswedan
1241418988623499264,"@4smara1701 @aniesbaswedan SIAP. PAK. GUB. https//t.co/aV9rY96gV5",positive,aniesbaswedan
1241418347004096514,"@dr_koko28 @fadlizon @jokowi @aniesbaswedan Sangat setuju dok",positive,aniesbaswedan
1241410127443288066,"@DKIJakarta @aniesbaswedan Semangat pemerintahhhh",positive,aniesbaswedan
1241408162478968832,"Kami mendukung mu Pak",positive,aniesbaswedan
1241406685169586182,"@Zahrah40291660 @DKIJakarta @aniesbaswedan Jelas Terima Kasih Pak Anies Terima Kasih Pak Anies",positive,aniesbaswedan
1241406482727362562,"@Dennysiregar7 @CNNIndonesia @jokowi @aniesbaswedan KITA KUAT Kita dukung pemerintah dalam menangani Bencana Virus Covid - 19 (Corona) ",positive,aniesbaswedan
1241406239940030464,"@marlina_idha @aniesbaswedan Anies bahkan mengajarkan kepemimpinan yang otentik - semua harus jujur menilai ini, yang di pusat n daerah",positive,aniesbaswedan
1241406130493902858,"@4smara1701 @Zahrah40291660 @aniesbaswedan Insya allah berkah",positive,aniesbaswedan
1241404644829454336,"@jokowi @aniesbaswedan Benar juga kata lo den üòÅ",positive,aniesbaswedan
1241404417133309954,"Insha Allah, tidak di ragukan lagi, mohon jaga kesehatan dan diri anda Mr. @aniesbaswedan kesehatan dan perjuangan anda sangat di butuhkan ",positive,aniesbaswedan
1238966518806765573,"@permadiaktivis @aniesbaswedan Makasih Bang.....",positive,aniesbaswedan
1238977238478929922,"@GunRomli @aniesbaswedan Gubernur cerdas",positive,aniesbaswedan
1241510190853140481,"@marlina_idha @aniesbaswedan Ma shaa Allah, Gubernur Cerdas, ikhlas dan peduli dengan warganya akan selalu ada ide brilian mengatasi segala permasalahan ",positive,aniesbaswedan
1241513037204353024,"@4smara1701 @aniesbaswedan Please patuhi .jangan egois.",negative,aniesbaswedan
1241512969147539461,"Belum pernah ada kerja yang anda tuntas kan. Tap banyak uang anggaran yang sudah anda habiskan. Banyak sekali sandiwara dan pencitraan yang anda lakukan. Selamat pasti boss anda puas dengan apa yang sudah anda lakukan slm 2 thn mencoba merusak JAKARTA. ",negative,aniesbaswedan
1241512938722058240,"Virus yang jadi panggung politik gubernur DKI, yang ingin memperburuk keadaan di jakarta. Lockdown akan menimbulkan masalah baru di jakarta.",negative,aniesbaswedan
1241512898200915968,"JANGAN BANYAK TEORI & BACOT LAGIAN BAU MASYARAKAT BUTUH ACTION ",negative,aniesbaswedan
1241510121638780928,"@_ikan_asin @aniesbaswedan Omongan kadrun busuk gk level.",negative,aniesbaswedan
1241509443721814019,"@DybalaGonzalo @aniesbaswedan Memberi penjelasan orangDONGOK seperti Lo",negative,aniesbaswedan
1241508622657445888,"@FerdinandHaean2 @aniesbaswedan @DKIJakarta @kemendagri buzer dungu ya begini...",negative,aniesbaswedan
1241504392257273856,"@_ikan_asin @aniesbaswedan Udik lg ngmong udik",negative,aniesbaswedan
1241503453127426048,"@Dennysiregar7 @wotonnie @aniesbaswedan Masalah di Indonesia muncul sejak 2014 dan kumpulan orang tolol macam lu ada.",negative,aniesbaswedan
1241503247430344704,"@peter_hari @Uki23 @fadlizon @aniesbaswedan GOBLOK.",negative,aniesbaswedan
1241501645587922944,"Woi anjing dengerin Jokowi ngomong gak dia ngikutin kebijakan Anis Jokowi aja setuju ko lu yang nyinyir terus Jing...",negative,aniesbaswedan
1241500649637830656,"@_ikan_asin @aniesbaswedan Ngimpi Lo Tong",negative,aniesbaswedan
1241499904435871744,"dan ketika bukan org Jakarta menilai Gubernurnya adalah  GUOOOBLLOOKK sebenarnya GUOOOBLLOOKK",negative,aniesbaswedan
1241498899040235520,"Astagfirullah... Apa mas @ustadtengkuzul sekarang sudah benar-benar murtad? Sudah tidak menjadi kampret trus mualaf cebong? Sampai segininya membully mas @aniesbaswedan",negative,aniesbaswedan
1241497785796423680,"@TofaTofa_id @aniesbaswedan Tak ada Ahoker maupun Jokower di dunia ini kecuali sampah manusia yang dungu dan jahat.",negative,aniesbaswedan
1241497732700704768,"Bangsa cebonk, yang disebut itu yang mengekor ke gub @aniesbaswedan. Parah loo cebong, kapan pada sadar? Apa tunggu modar dulu? ",negative,aniesbaswedan
1241497608851357696,"@herdiman29 @Dennysiregar7 @wotonnie @aniesbaswedan Ini orang otak nya gak nyampe yang ada tujuan nya dia ingin sudutkan Anies trus",negative,aniesbaswedan
1241497100606509058,"@Ze_sukma @aniesbaswedan Muka katro udik ajaaa ))",negative,aniesbaswedan
1241496857714380800,"Saya dah lama tau desi ini tolol dan bebal, kirain sekrg dah pinteran dikit.. Ternyata mskin tobal ( tolol & bebal) ",negative,aniesbaswedan
1241495094315884544,"Harto katanya anti pki, tapi memerintah sperti diktator komunis, harto anjeng",negative,aniesbaswedan
1241493566678945793,"@B_walwal_B @Ahlanjegol @aniesbaswedan Kadrun itu ,,kalo laper galak kalo kenyang bego",negative,aniesbaswedan BACOT
1241491891004170241,"@WagimanDeep212 @kangdin223 @ustadtengkuzul @aniesbaswedan Babinya memang si tengku naen ini. Hoax aja kerjanya",negative,aniesbaswedan
1241490732159881217,"@AtikaFaya @aniesbaswedan Ini yang dihadapi virus mba,  bukan politik popularitas.  Dungu ko dipelihara",negative,aniesbaswedan
1241486185140064258,"dah goblok, dongok lagi sampe ke anak anaknya, komunis pecun!",negative,aniesbaswedan
1242646348547031041,"@ini_aku_lho_ @MikhailRaffasya @aniesbaswedan Eh tolol, itu kejadian tiba2. Kok cari Pak gubernur",negative,aniesbaswedan
1242647164221677570,"Pada kemana2 ya Yang kemarin mebully dan fitnah mau lockdown pada Diem buzzeRp laknat lihat Pendukung Jokowi mau ngusulin lockdown kalau Pak Anies dah dimaki2 hebat dan Bully, persiapkan diri dan keluarga aja supaya imun kuat, berhitung skenario paling buruk",negative,aniesbaswedan
1242647681790382080,"@firaun_id Ini kalau akting kayak gini, dihujat siang malam sampai dajjal turun.",negative,aniesbaswedan
1242652997286416384,"@MuhadklyAcho @Ana_Ind Hahahha gw jg bayar pajal dki tp kl gw nyinyirin juga dibantai ama pendukungnya. Apa bedanya taiik!!",negative,aniesbaswedan
1242653686813184002,"Eeh jadi dongo lo...bedain lah tegal sm jakarta, kepala daerahnya jg dr mana..? ",negative,aniesbaswedan
1242656721618628608,"Hai anak Anj*ng, Dia dapat bantuan krn dia dianggap yang lebih layak menerima dan dianggap lebih kayak  jd pemimpin negeri ini oleh umat Budha, bukan kayak junjungan Cebong Dungu dan kayak kamu yang suka adu domba. Itu kelakuan PKI ",negative,aniesbaswedan
1242675654648164357,"@berlianidris Lah bukannya dari awal pemerintah menganggap remeh...coba deh diingat2 ..malah ngebully  ",negative,aniesbaswedan
1242681587424100354,"Woi koplak, loe kayak dia yang tolol itu coeg..kok malah pesimis, jgn bilang kau Realistis ya..",negative,aniesbaswedan
1242690254156386304,"anies... anies... mbok ya mundur aja, wong gak punya segalanya kok ya, gak punya prinsip, gak bisa mimpin, gak pintar, gak ada terobosan, gak bisa ngatasi banjir, udahlah mundur aja. #4niestipuwargadki",negative,aniesbaswedan
1242693559955812353,"BEGO BOLEH, GOBLOK JANGAN",negative,aniesbaswedan
1242693648581423104,"@FerdinandHaean2 Lu TOLOL! Kemaren2 Anies nyuruh diam di rumah lu nyinyir kesetanan. Sekarang sok2 bijak nyuruh o‚Ä¶ https//t.co/lxZZEQlDoV",negative,aniesbaswedan
1242695066482667521,"Itu lah ab,kemaren gubernur pak anies,mengatakan untuk mnjalankn himbauan bpk presiden. Ab blng bodoh,anak anak pun tau. Kadang kadang omongan abg pun.....",negative,aniesbaswedan
1242697579961266177,"@putri_melayu002 @Dennysiregar7 Anies yang #gubernurterbodoh itu kah?..",negative,aniesbaswedan
1242700090239668224,"Ketimbang eloe kagak ber-henti2 kritik kebijakan pemerintah, mending eloe bantu gubernur anies berantas virus corona dijakarta... dasar idiot....",negative,aniesbaswedan
1242701680329641985,"Woi koplak, loe kayak anies baswedan yang tolol itu coeg... eloe juga bakal mati, kalau diiket trus didudukin diatas kompor dongok... baca tuh yang lengkap, jgn sepotong2...",negative,aniesbaswedan
1242704206437351425,"@ReestyCayah @jokowi SALAH GOBLOK",negative,aniesbaswedan
1242722704723046401,"@FerdinandHaean2 @jokowi Bukan jokowi tapi pak Anies yang salah bro",negative,aniesbaswedan
1242731562250244097,"Luhut?  Babarblas dia kan ahli maklar,  abu janda?  manusia babi yang menjijikan . Guntur romli?  Apalagi anak ingusan prngetahuan dungu..... pak jokowi?  Dia ahli mebeler.....",negative,aniesbaswedan
1242735551406432256,"Pak Jokowi pernah dihujat, Pak Anies pernah dihujat, Pak Terawan pernah dihujat.. Semua pernah jadi korban hujatan‚Ä¶ https//t.co/Dgcix8y2qB",negative,aniesbaswedan
1242745806102204417,"@kbenaranHakiki @DSofdi @zoelfick @amdfzi2915 @habibthink Loe nyindir anies nyet? https//t.co/JXRkkaPRUd",negative,aniesbaswedan
1242753126760775682,"Tull... Goblok banget... AwalÔøΩ cengengesan gitu waktu Anies meminta warga tetap di rumah... Bukannya mendukung, malah asyik ngebuzzer... Sekarang jadi bijak...",negative,aniesbaswedan
1242753244402569221,"@ramboetz @DonAdam68 Payah.... ",negative,aniesbaswedan
1242757047541620736,"@Aryprasetyo85 @cadarmerah Anies bacot",negative,aniesbaswedan
1242758729310691328,"@ReestyCayah @jokowi yang salah ya AniesÔøΩ Dah gitu aja, krn otak mereka secuil....üòÄüòÄüòÄ",negative,aniesbaswedan
1242762191293403136,"Trs beli bmw 520 nya nge buzzer gitu  buzzer in anies & pekaes? Dokter itu ada kode etik nya goblokÔøΩ Masa gara2 kegoblokan dia, dia ga mau terima Pasien..lagak nya kyk yang paling bnr aja jd dokter",negative,aniesbaswedan
1242763506052550656,"@SatwaDunia Heh GOBLOK anak haram https//t.co/k7YSy0z9az",negative,aniesbaswedan
1242779571558047745,"Anjing kau...nyerang terus",negative,aniesbaswedan
1242783814474063872,"Kadrun aneh goblok",negative,aniesbaswedan
1242789405594509314,"lu mau ancurin karirnya? walkot dibully msh dalam bahasa halus lu marah, krn idola atau krn kebenaran? gub anies dibully dgn gilaan, lu ga punya energi buat ngbela?",negative,aniesbaswedan
1242795182422200320,"Bukan benci pribadinya, tetapi gak becus kerjanya ... Jaman sudah canggih, cek aja history-nya ... BANYAKKKK .... ",negative,aniesbaswedan
1242804581542682624,"@mas__piyuuu Salah nya Anies kenapa ga lockdown",negative,aniesbaswedan
1242806435320193026,"Social Distancing Versi #4niesGakBecusKerja yang ‚ÄòGak Bener‚Äô #GubernurTerbodoh https//t.co/JfFqNrTINB via @suaraislamco",negative,aniesbaswedan
1242809146006597633,"cebong lo",negative,aniesbaswedan
1242814497766518785,"BODOH ANDA YA, kadrun",negative,aniesbaswedan
1242828412034502663,"jangan disamain lah bego jauh, bully aja sono",negative,aniesbaswedan
1242829783404171271,"@RezaWtp @WisnuRamadi @VostokMerah Ye itu tugasnya warga Banten buat bully gubernur nya biar kerja. Biar sadar kalo ga berguna",negative,aniesbaswedan
1242842175819243526,"@nasution_lokot @aniesbaswedan @DonAdam68 @EnggalPMT @BNPB_Indonesia semua pokoknya salah gabener *gw anak tangsel Apellooo apelloo",negative,aniesbaswedan
1242843018685607944,"@ReestyCayah @harun_ar @jokowi Tetepa Anies lah yang di salahkan,Gudbener NKRI harus selalu di salahkan,yang presidennya kan cm plonga plongo",negative,aniesbaswedan
1242848868527517696,"INGKAR JANJI WOII!!!! MUNAFIK WOII!!!",negative,aniesbaswedan
1242850656764850177,"Apakah manusia macam Anies nggak malu punya pendukung dari kalangan manusia munafik dan bangsat kayak gitu?",negative,aniesbaswedan
1242964106123988993,"@panca66 @Alitingting2 Ada dua lagi berhala bro dari kadrun",negative,aniesbaswedan
1241406087632285696,"@WagimanDeep212 @ustadtengkuzul @aniesbaswedan Hoax sejati",negative,aniesbaswedan
1241408134880432128,"tai kerja dirumah tapi internetnya lemot payah",negative,aniesbaswedan
1241409649410076674,"@_ikan_asin @aniesbaswedan Hastagnya bikin mau muntah bacanya",negative,aniesbaswedan
1241410500769927169,"Bangsat cebong, we gak butuh follower, mau ketemu sama ane ayoo bong kapan?",negative,aniesbaswedan
1241411868075241473,"@Dennysiregar7 @wotonnie @aniesbaswedan Bagaimama ekonomi bisa tumbuh kalo orangnya sudah pada mati? Kok makin bego BuzzeRp satu ini",negative,aniesbaswedan
1241411873406251008,"@jamesmassola @aniesbaswedan #myangovernorisanidiot Parade and parade Talking Bullshit No Action Talk Only",negative,aniesbaswedan
1241414195255492613,"@WagimanDeep212 @ustadtengkuzul @aniesbaswedan Orang dungu pasti asal posting üòÇüòÇüòÇ",negative,aniesbaswedan
1241417343349055488,"@_ikan_asin @aniesbaswedan Lebih takut Color nona daripada TBC . Dungu...!!! . https//t.co/zuVpZSp69v",negative,aniesbaswedan
1241423468324737024,"pencitraan live mulu payah anda, korupsi apbd ",negative,aniesbaswedan
1241426331880919040,"@_ikan_asin @aniesbaswedan Tolol malah korupsi",negative,aniesbaswedan
1241426066993893377,"@no_micin99 @_ikan_asin @aniesbaswedan Tololnya elo udah tau kerja minimal buat pilihan",negative,aniesbaswedan
1241427164420952070,"Tai",negative,aniesbaswedan
1241428241757253632,"Tp masalahnya anda menuduh sy dibayar itu. Itu yang mbedakan Buzzer baik & Jahat. Menerima bayaran utk sebuah idealisme itu murahan.",negative,aniesbaswedan
1241429210620542976,"pikirkan orang kecil apabila mau lockdown pak, mana bantuan buat kami pak,omongan doang",negative,aniesbaswedan
1241433893808439297,"payah kadrun ga kasih solusi",negative,aniesbaswedan
1241439428788105216,"@TsamaraDKI Psi kan partai yang suka mengkritik @aniesbaswedan , tp pura2 bego terhadap segala kebijakan si MUKIDI,‚Ä¶ https//t.co/s3WUeiprwv",negative,aniesbaswedan
1241440688169943040,"@RantyCapung @doprico @Dennysiregar7 @aniesbaswedan Taek lu, sok peduli,",negative,aniesbaswedan
1241441085240389633,"@Dennysiregar7 @wotonnie @aniesbaswedan Lo pikir dengan elo bacod semua bakal lebih baik? ",negative,aniesbaswedan
1241442943648464896,"@Nazta08 @Dennysiregar7 @wotonnie @aniesbaswedan Tolol sejunjungan üòÖ",negative,aniesbaswedan
1241443738620014594,"@KakekHalal @aniesbaswedan Biar mantannya liat muka dia x anjenk",negative,aniesbaswedan
1241447088006656000,"@karmatiranda @geiszchalifah Dongo laknat bacot lu kemana waktu zaman ahok banyak pohon di tebang.. ",negative,aniesbaswedan
1241453828932853767,"@Detektif_Ngibul @aniesbaswedan @jokowi Pengen ngomong TAEEEKKKKK",negative,aniesbaswedan
1241456088634949632,"@Dennysiregar7 @wotonnie @aniesbaswedan Dongo akut si Densi",negative,aniesbaswedan
1241463135367622657,"telat kenapa baru sekarang tai",negative,aniesbaswedan
1241470842636132352,"@ajirangi06 @aniesbaswedan Maaf emosi liat kelakuan gubernur jkt",negative,aniesbaswedan
1241494543557480448,"tidak ada solusi yang bagus payah",negative,aniesbaswedan
1241496173891862528,"Kebodohan kembali diulang oleh Pemprov. DKI Jakarta.",negative,aniesbaswedan
1241499422934142979,"tidak sesuai realitanya goblok",negative,aniesbaswedan
1241499904435871744,"@adiansyahdompu @fadlizon @jokowi @aniesbaswedan dan ketika bukan org Jakarta menilai Gubernurnya adalah  GUOOOBLLO‚Ä¶ https//t.co/IvLj5yHYLx",negative,aniesbaswedan
1238976305040723968,"@WUKWUUUW @IsoWira @mas__piyuuu @aniesbaswedan Lagi2 ada manusia bodoh di medsos hahaha. Kuper oh kuper hidup",negative,aniesbaswedan
1238975014759575553,"@faizalassegaf @ruhutsitompul @aniesbaswedan Semua orang goblok dan tolol yahhh.....",negative,aniesbaswedan
1238969627264167937,"@kafiradikal @AcehSelatanSatu @jokowi @aniesbaswedan Bener banget.. pak Joko .. hindari dulu para buzzerrp laknat!! Ngabisin duit doang",negative,aniesbaswedan
1238972890847916032,"@GunRomli @aniesbaswedan Bacot lo",negative,aniesbaswedan
1238971495759491072,"@mahlukbumi_ @Arrythea @firaun_id @aniesbaswedan Jabatan anis sekarang apa blog goblog? Jawab sesuai pertanyaan",negative,aniesbaswedan
1248387761289089027,"@linazusana @permadiaktivis alhamdulillah semoga berkah,aamiin....!!! tinggal sya nih teh...lom di tranaferüòù",positive,permadiaktivis
1248382469235077122,"@fachrian_rifan @SandyCendikiaw1 @permadiaktivis Mantab. Yang saya pelajari selama ini juga seperti yang sampean",positive,permadiaktivis
1248382261067571200,"inspiratif",positive,permadiaktivis
1248381176940597251,"@permadiaktivis bang..sudah transfer sedikit...terima kasih sudah membantu mereka....terima kasih semangat yang tak henti... ",positive,permadiaktivis
1248377673199411204,"@permadiaktivis @SondoroMusic Selamat jalan, semoga tenang",positive,permadiaktivis
1248370664836182024,"Aku Setuju Banget ",positive,permadiaktivis
1248315553564909568,"Langkah bagus Terima Kasih",positive,permadiaktivis
1248292144994893824,"positif thinking itu perlu",positive,permadiaktivis
1248307954505248769,"Selamat Malam @permadiaktivis semangat",positive,permadiaktivis
1248302093351284736,"Sebarkan kebaikan https//t.co/b4mrfu4lYL",positive,permadiaktivis
1248299538722385920,"Berita baik harus di kabarkan, semoga terus dan terus ada kabar baik setiap harinyaüôè https//t.co/gpTqtldXDQ",positive,permadiaktivis
1248290971520880640,"Aku bantu share dan do'a ya om Karena aku belum bisa kasih apa-apa selain do'a ",positive,permadiaktivis
1248274547687612418,"Semangat jakarta! Kalian bisa! Kalian pejuang tangguh! Semoga wabah segera berakhir.Tuhan melindungi kita. @aniesbaswedan @permadiaktivis",positive,permadiaktivis
1248268087763161089,"Mantap bang https//t.co/v5fR3jJqhG",positive,permadiaktivis
1248260918951084033,"Lupakan semua perbedaan yang ada,mari saling bergandeng tangan tunjukkan pada dunia bahwa kita semua bisa menang lawan corona.... bismillahirrahmanirrahim,buat @permadiaktivis selalu semangat cak,jaga kesehatan",positive,permadiaktivis
1248245359832260609,"Semangat terus untuk temen-temen semua, yang membantu sodara-sodara kita üëè https//t.co/oL8rUwHGYw",positive,permadiaktivis
1248234234055016448,"Mari kita serukan niat baik ini bersamaüôè https//t.co/CCCmZRSbEe",positive,permadiaktivis
1248201302095458304,"Mantap https//t.co/lIrKOdsOUE",positive,permadiaktivis
1247469178828673025,"Setuju sekaliiiiiiiii üëçüëçüëçüëç https//t.co/YZ2chKYzki",positive,permadiaktivis
1248387634813997064,"DASAR BAJINGAN DAJJAL",negative,permadiaktivis
1248385890386243594,"Pecinta selangkangan n bokepers! Sejati lagi vcs  ",negative,permadiaktivis
1248350681116733440,"jilat terus om biar jadi penjilat sejati, maling duit rakyat",negative,permadiaktivis
1248341122386018304,"Kalau om Didu bawa gerombolan dengan mengatasnamakan Suku dan Agama, dan bikin gaduh, fixed Anda seorang pecundang.",negative,permadiaktivis
1248328498835419136,"MAMPOOOSSSS KAUUU DIDU...  AKIBAT CONGORRR LAKNAT",negative,permadiaktivis
1248319972452917248,"Saya juga sudah cek. Anjing juga kau rupanya. ",negative,aniesbaswedan
1248318962649034752,"@musniumar rektor UI divisi C mmg jenius sekali, sial banget nie mhsiswanya kayak kena kutuk 7 turunan. dasar kadrun",negative,permadiaktivis
1248307568394383361,"@permadiaktivis @Mamah_fikha Bacot anjng",negative,permadiaktivis
1248205985186861056,"Ini ude kelewatan biadab. ",negative,permadiaktivis
1247912238431653890,"#gubernurterbodoh ngebacot doang tongkosong nyaring bunyinya https//t.co/gVPB7gJ11P",negative,permadiaktivis
1247508863688929280,"Emg ga ada otak manusia biadab https//t.co/FvJkLv23JJ",negative,permadiaktivis
1247490987372343302,"Hai anjing peking jangan ngomong doang, buktiin dengan benar perbuatan mereka https//t.co/fEH3pQS0qt",negative,permadiaktivis
1247486572531834880,"Si palkon @permadiaktivis lupa Ahok pernah di bui Akhirnya jurus pengecutnya dikeluarin deh Delete Tweet https//t.co/5OoHK9xe9R",negative,permadiaktivis
1247481056938168320,"khilaf, ah.... oh yes oh no! khilaf fuck! @felixsiauw @alibaharsyah007 hidup POLIGAMI.......!!!",negative,permadiaktivis
1247472386913398784,"Biarin aja sampah model gn tadz @jafarsalih76 udah banyak yang gerah sama kelakuan bancinya si @permadiaktivis üôÇ https//t.co/7gsvuYtRaj",negative,permadiaktivis
1247448543134015491,"Mantab akhi. NGENTOOOOTTTTT https//t.co/rummiaBqfe",negative,permadiaktivis
1247447073235988481,"Gambaran kaum kadrun https//t.co/K4NPX5BMIp",negative,permadiaktivis
1246790704593920356,"oon amat lu kadrun",negative,Dennysiregar7
1247415242528665601,"MAMPOS MANUSIA KIMAK PEMBODOH UMAT KECIDUK MIA KHILAFAH AKHIRNYA... https//t.co/PkeKvCzZBf",negative,permadiaktivis
1247387940910587905,"Ada yang suka koar2 kafir, tapi sukanya jalan2 ke negri kafir lhoÔøΩ Ngiangiangiahahahah **ketawa alay ala daud‚Ä¶ https//t.co/ONqxYhRKBd",negative,permadiaktivis
1247363402231459840,"kadrun kadrun dasar penjilathttps//t.co/FONqpq9y8g",negative,permadiaktivis
1248273041391378434,"Setujuuu.. https//t.co/qVHXFVbGcF",positive,Dennysiregar7
1247907803814957056,"alhamdulillah! Cegah Corona, Banser dan Pemerintah Desa Gumulung Lebak Bagi Bagi Masker Semoga berkahh‚Ä¶ https//t.co/yxmyFzjczM",positive,Dennysiregar7
1247832220066131970,"insya Allah Indonesia selalu dalam lindungan Allah... https//t.co/R54ZRvBEdX",positive,Dennysiregar7
1247818196360384518,"kalo ini bener mantep bet sih indonesia kita emang üëå https//t.co/DDtF5ln7cz",positive,Dennysiregar7
1247791677470674945,"INDONESIA MANTAB https//t.co/SJbPTWITOU",positive,Dennysiregar7
1247734491050696704,"Indonesia hebat. Karena tim ekonominya the best in the world! https//t.co/qsGy8I0HvQ",positive,Dennysiregar7
1247543026185953284,"Super sekali. Cc @FerdinandHaean2 @Teddyangusnaidi @Dennysiregar7 @permadiaktivis @Takviri @imadya @ruhutsitompul‚Ä¶ https//t.co/gmEkfTF8GK",positive,Dennysiregar7
1247541081538850817,"Aminnnn https//t.co/v758KOKdwd",positive,Dennysiregar7
1247471669494476801,"Terima Kasih Pak @AniesBaswedan, sudah menginspirasi nih, Kang @RidwanKamil? üòáüòÅ Cc @Dennysiregar7‚Ä¶ https//t.co/boc5mmEQe5",positive,Dennysiregar7
1247407305529778176,"Setuju ! ",positive,Dennysiregar7
1247402125472067584,"Kalo yang ini. Aku sepakat. Logis dan relevan. https//t.co/nfqSTliWZN",positive,Dennysiregar7
1247147866444853249,"Secercah harapan  https//t.co/RoVXgHYvMA",positive,Dennysiregar7
1247016192872607745,"Bangga sama Presidenku Jokowi. https//t.co/8pG2xvev8s",positive,Dennysiregar7
1246980758989721600,"Betul...betuul...betuuuul bngt...üëçüëç https//t.co/lRa0OMntpM",positive,Dennysiregar7
1246964785767280640,"Alhmdulillah masih ada orang baik di indonesia..tanpa mencela mengolok2 menggoreng pemerintah..dgn iklas membantu s‚Ä¶ https//t.co/ecHYcCrb6y",positive,Dennysiregar7
1246960221685088257,"Setuju bgt https//t.co/5U7aGkCJJS",positive,Dennysiregar7
1246836933935771648,"Yesss... sehat terus pak @jokowi https//t.co/ZT1pBzFNVy",positive,Dennysiregar7
1246801932091404291,"Siap Bang üí™üí™üí™üí™ https//t.co/FZhJ9a6nnA",positive,Dennysiregar7
1246759098701340672,"Benerrrr bgt https//t.co/ub7usDDgIU",positive,Dennysiregar7
1248360274387537922,"Untuk semua tenaga medis yang telah wafat baik dokter maupun perawat yang berjuang melawan covid 19 @msaid_didu‚Ä¶ https//t.co/AwKZsMjBwJ",positive,Dennysiregar7
1248293036586491905,"Banyak kali bacot kau https//t.co/Z0Yt5nqbHp",negative,Dennysiregar7
1248237901323751426,"Kita tunggu koment  cebong. @eko_kuntadhi @Dennysiregar7  dkk https//t.co/GWM9zM6ssr",negative,Dennysiregar7
1248205985186861056,"Ini ude kelewatan biadab. @Takviri @muannas_alaidid @Teddyangusnaidi @zoelfick @eko_kuntadhi @Dennysiregar7‚Ä¶ https//t.co/D5dQtjUPSh",negative,Dennysiregar7
1248150767216672769,"Orang tolol muncul terus https//t.co/Kv4untU9wA",negative,Dennysiregar7
1248126607497158656,"Namanya gubernur Terbodoh versi Mbah Google https//t.co/7ILKOpjeCS",negative,Dennysiregar7
1248113747874340864,"Ternyata klo kadrun HTI itu tidak pandang bulu.., @musniumar @FirzaHusain @sielvhen95 @WR_4AG226 @RizmaWidiono‚Ä¶ https//t.co/kC9d2kHWQB",negative,Dennysiregar7
1248112342337867776,"Bukankah dia Gunernur terbodoh versi Google? Gada yang protes berarti benar adanya. https//t.co/TCIeeDxZWW",negative,Dennysiregar7
1247959087825989632,"Pelajaran bagi cebong n togog.. Congkel si desi @Dennysiregar7 https//t.co/aaT6yP79oM",negative,Dennysiregar7
1247898436478758914,"Eh anjhenk .... Kok si @Dennysiregar7 bisa nongol di TL gw https//t.co/XAkt3fyI7F",negative,Dennysiregar7
1247823452892827648,"Baca tweet2 kamu kok gw ikut bego ya denüôà https//t.co/hBtuGmwzua",negative,Dennysiregar7
1247598500625301504,"Nyalinya ga segede bacotnye... https//t.co/xirl4aCEuv",negative,Dennysiregar7
1247501051353124864,"Emang ngga ada kerjaan laen selain buzzeRp cung.? https//t.co/5d6Q2IFtWa",negative,Dennysiregar7
1247344360435249152,"Ini mah Go blok di pelihara bang..üòÅ https//t.co/qwkdmA8Lh2",negative,Dennysiregar7
1247084836671479809,"RR itu bacot doang yang gede, waktu jd mentri ga bisa kerja. Giliran sipecat, nyinyir ga habis2. https//t.co/lB3a6lmjyY",negative,Dennysiregar7
1247046532261498880,"Muka lo kek kulit kontol https//t.co/KrGNWpHg5G",negative,Dennysiregar7
1247042975927955456,"Hanya? Udah bego, ternyata ga punya empati jg. Tololnya ga ketulungan si bgst ini https//t.co/fm7KvFKXBy",negative,Dennysiregar7
1246947625691009024,"Woi anjinG pengadu domba toLoL baca ini ya! https//t.co/5VMkbqqzpX https//t.co/Y8r9WUumTc",negative,Dennysiregar7
1246837323255271424,"Bangsat neh orang. Kematian satu orang saja itu jangan dianggap sepele. Dan loe bangsat bilang hanya. Bangsat kau https//t.co/1xYLq1RLA5",negative,Dennysiregar7
1246811658346852352,"Goblok....atau gila ya dasar gaberner juga....sumut dgn @DKIJakarta koq mirip2 ya @jokowi @mohmahfudmd‚Ä¶ https//t.co/GnJORhEmJP",negative,Dennysiregar7
1246790704593920006,"Tau kah anda.. siapa org begok itu.. @Fahrihamzah @fadjroeL @ruhutsitompul @Fsilolongan @Dennysiregar7 @Makdetektif‚Ä¶ https//t.co/Hg9x0I3sU1",negative,Dennysiregar7
1246790704593920049,"tong kosong nyaring bunyinya, buzzerp dasar monyet",negative,Dennysiregar7
1246790704593920054,"DPR KORUPSI",negative,Dennysiregar7
1246790704593920356,"REZIM BUSUK BEGO",negative,Dennysiregar7
1246790704593920000,"Pendukung rezim bobrok",negative,Dennysiregar7
1246790704593940313,"penyebar kebencian dasar buzzerp",negative,Dennysiregar7
1246790704593924386,"tukang sebar kebencian",negative,Dennysiregar7
1246790704593920350,"sindir terus, nyindir terus, hina terus!!",negative,Dennysiregar7
1246790704593920396,"tukang dukung rezim korupsi dan para koruptor udah gitu sindir terus!!",negative,Dennysiregar7
1246790704593920405,"tukang dukung rezim korupsi dan para koruptor udah gitu sindir terus!!",negative,Dennysiregar7
1246790704593924386,"rakyat udah susah tambah dibikin susah",negative,Dennysiregar7
1246790704593924386,"jokowi antek china cina",negative,Dennysiregar7
1246790704593924386,"Keren, Pak Gubernur @ridwankamil, langkah cepat dalam memvalidasi data penerima Bansos",positive,Ridwankamil
1246790704593924386,"Sehat-sehat semua yg terlibat. Karena ini menguras tenaga dan hati",positive,Ridwankamil
1246790704593924386,"jokowi antek china cina",negative,Dennysiregar7
1246790704593924386,"Mereka buzzerrp dungu, merusak Demokrasi",negative,Dennysiregar7
1246790704593924386,"lurahnya kadrun ya gitu, ketebak kok",negative,Dennysiregar7
1246790704593924386,"Kalian memang kumpulan orang bego rakyat dan wargamulah yg butuh goblok kogk dipamerin ...tindak tegas tuh pak",negative,Dennysiregar7
1246790704593924386,"gubernur modal bacot doang https//t.co/fYTA6KpIkk",negative,Dennysiregar7
1246790704593924386,"Kita tunggu koment  cebong. @eko_kuntadhi @Dennysiregar7",negative,Dennysiregar7
1246790704593924386,"Orang tolol muncul terus https//t.co/Kv4untU9wA",negative,Dennysiregar7
1246790704593924386,"semua itu berlaku hanya utk para penjilat kekuasaan",negative,Dennysiregar7
1246790704593924386,"Iya ya lupa kalo bapaknya pernah jadi koruptor'",negative,Dennysiregar7
1246790704593924386,"CEBONG KESURUPAN 3 \n\nKetua Umum (Baranusa) Adi Kurniawan\n\n",negative,Dennysiregar7
1246790704593924386,"@ArdianZA__ @Dennysiregar7 @jokowi @AnnisaPohan @jansen_jsp Jansen emang anjing toba,bhs indonesianya aja acak adut cari mukanya parah..bro",negative,Dennysiregar7
1246790704593924386,"@CyberSkuad @jokowi Mental pengemis!! pemuja presiden paling hancur",negative,Dennysiregar7
1246790704593924386,"@Dennysiregar7 @jokowi @AnnisaPohan Dasar penjilat, pemuja presiden paling hancur",negative,Dennysiregar7
1246790704593924386,"@Abahozan1 @jokowi @berlianidris Trus kamu pintar jing?",negative,Dennysiregar7
1246790704593924386,"@jokowi Memori hitam kamerad @jokowi dan ubau @Kiyai_MarufAmin (a6)\n\nMemang bjinhan bozcin babi itu. Terlalu dominan dia menguasai negeri ini dengan rakusnya. Maka ya.. DIALAH IBLISNYA.",negative,Dennysiregar7
1246790704593924386,"@NataliusPigai2 @jokowi @mohmahfudmd @Dahnilanzar Biadab..",negative,Dennysiregar7
1246790704593924386,"@jokowi @Dennysiregar7 Eh anjing menggonggong juga, gagal deh",negative,Dennysiregar7
1246790704593924386,"@Ai_Alwii_ @AnnisaPohan @jokowi @Dennysiregar7 Rajanya anjing gak bisa pulang haha",negative,Dennysiregar7
1246790704593924386,"@jokowi Busuk penghinaan.. Kalau @jokowi yang dihina, apakah buzzerp berani melawan mereka?",negative,Dennysiregar7
1246790704593924386,"@AbdulRo37048700 @Karinbahary2 @jokowi Hahahaha\nBacot doang lo jing!!!\n\nKalo bener2 brani\npasti lo dah ke suriah belain golongan elo....Kalah NYALI elo sama anak kecil",negative,Dennysiregar7
1246790704593924386,"@Ai_Alwii_ @AnnisaPohan @jokowi @Dennysiregar7 Yang anjing looo",negative,Dennysiregar7
1246790704593924386,"BLT  = BUAT LONTE  serang penyelewengan , menurunkan harga bbm saja gak mampu Turun.",negative,Dennysiregar7
1246790704593924386,"lu beraninya ladenin bencong doang, karena sesama bencong ",negative,Dennysiregar7
1246790704593924386,"@Dave_Chandra @ridwan2474 @Ai_Alwii_ @AnnisaPohan @jokowi @Dennysiregar7 KAU Jadi ANJING nya si apa bodat?     Jadi Para pengikut PKI ya KAU?",negative,Dennysiregar7
1246790704593924386,"@AndiArief__ @AgusYudhoyono @Dennysiregar7 Dikirimi anak SD surat .... buzeerRpnya kok pada paper kali sih .... Pak Jokowi aja santuy",negative,Dennysiregar7
1246790704593924386,"@pulusabes @Gandawan @PutraErlangga_ jokowi sekarang udah jadi kadrun...",negative,Dennysiregar7
1246790704593924386,"@Dennysiregar7 @jokowi @AnnisaPohan Penjilat, smua di kaitkan ke majikan. Mkn nasi anjing aja den sono klu tak ada duit dr pd jd penjilat tulen",negative,Dennysiregar7
1246790704593924386,"bagaimanapun, lulusan 2020 kaga bisa disebut angkatan Corona dong anjing!",negative,Dennysiregar7
1246790704593924386,"@Dennysiregar7 @jokowi @AnnisaPohan Mampus koe duk",negative,Dennysiregar7
1246790704593924386,"@hendrix_donand @twitkabarjabar @ridwankamil @DivHumas_Polri Kok tolol",negative,Dennysiregar7
1246790704593924386,"@SambasNuryadi @389Youri @ridwankamil Buzzer mental pengemis, malu lah sama junjungan mu",negative,Dennysiregar7
1246790704593924386,"@Detektif_Ngibul @PantunJ2P @DivHumas_Polri @ridwankamil Sato sia,,goblok",negative,Dennysiregar7
1246790704593924386,"@arieflipp_id @BimaAryaS @ridwankamil Anjing ini orang",negative,Dennysiregar7
1246790704593924386,"@Kinanti_88 YG KMRN KOAR"" LOCKDOWN D PRESSCOM SIAPA YA,,!?! BARU PSBB Z GAK MAMPU,,,!?! GMN LOCKDOWN BENERAN,,?!?DATABASE MESSUP,,,COCOT DULUAN SICH DRPD ""OTAK"",,,!?! @aniesbaswedan @ganjarpranowo @ridwankamil @KhofifahIP @KemensosRI @Kemendagri_RI @BPBDJakarta @BNPB_Indonesia @mohmahfudmd",negative,Dennysiregar7
1246790704593924386,"@mauritsjelek @ridwankamil Uda jelas Kadrun tuh",negative,Dennysiregar7
1246790704593924386,"@ruhutsitompul Ahhaaaaa si ANJING kURAP @ruhutsitompul Lagi ngasih kuliah Umum",negative,Dennysiregar7
1246790704593924386,"@Detektif_Ngibul @Bentir16 @DivHumas_Polri @ridwankamil Cuk...bangsat ni orang",negative,Dennysiregar7
1246790704593924386,"@hendrix_donand @twitkabarjabar @ridwankamil @DivHumas_Polri Gila malu maluin bgt sumpah ni jamet",negative,Dennysiregar7
1246790704593924386,"@hendrix_donand @twitkabarjabar @ridwankamil @DivHumas_Polri Gobloknya",negative,Dennysiregar7
1246790704593924386,"@Detektif_Ngibul @narkosun @DivHumas_Polri @ridwankamil Anjing anak2 muda seperti ini",negative,Dennysiregar7
1246790704593924386,"Aturan TOLOL naik R2 boncengan jarak 1CM serumah boleh R4 ngga boleh di samping aneh @ridwankamil.",negative,Dennysiregar7
1246790704593924386,"Parahhh nih, cuma di Indonesia ada gubernur yg menyerah gk bisa kerja tapi gk mau mundur\nPayah Lo nies @aniesbaswedan\n  https//t.co/JEiUsAFwoT",negative,Dennysiregar7
1246790704593924386,"Berbuatlah goblog sebanyak-banyaknya.. \n\nKarena goblog itu promosi gratis buat orang goblog..\n\nIni konsep politik @aniesbaswedan ",negative,Dennysiregar7
1246790704593924386,"Ketahuan hoax Menkeu menyerang @aniesbaswedan soal dana, ternyata mak lampir suka utang",negative,Dennysiregar7
1246790704593924386,"Itu Bansos buat bencana banjir @aniesbaswedan kok tambah goblok saja nggak bisa membedakan bansos banjir dan bansos PSBB... https//t.co/4u3smGSkaK",negative,Dennysiregar7
1246790704593924386,"Makin jelas kemampuan gubernur oujaan bani kadrun @aniesbaswedan \n\n#SkandalAmisPemprovDki",negative,Dennysiregar7
1246790704593924386,"Ternyata si @aniesbaswedan cm bacot doang",negative,Dennysiregar7
1246790704593924386,"Wan Prestasi @aniesbaswedan si bacot gede kerja nihil hasilnya bohong besar \nMundur saja !\nTidak ada lagi yg bisa diharap dengan gubernur model begini.\n\nTiga mentri jokowi soroti kejanggalan bansos anies di dki",negative,Dennysiregar7
1246790704593924386,"Gagal Total, Kakean Cangkem"". Mungkin yg orang jawa tau arti itu. Ya melambangkan @aniesbaswedan sekarang lah. Kemarin getol konferensi pers kayak pahlawan. Tapi urusan bansos aja gagal total.\n#SkandalAmiesPemprovDKI",negative,Dennysiregar7
1246790704593924386,"Khas Cebong...tp yaa gtu andaipun @aniesbaswedan yg laporkan ttp gak bakal diproses",negative,Dennysiregar7
1246790704593924386,"Karena @aniesbaswedan bukan pemimpin gorong gorong dan suka lampu sorot pencitraan",negative,Dennysiregar7
1246790704593924386,"Hebat kan si GOBLOK Wan Abud Asu Wes Edan @aniesbaswedan\",negative,Dennysiregar7
1246790704593924386,"Gak usah bawa bawa si GOBLOK Wan Abud Asu Wes Edan @aniesbaswedan",negative,Dennysiregar7
1246790704593924386,"Masih inget kan waktu si GOBLOK Wan Abud Asu Wes Edan @aniesbaswedan kasih ijin tablig akbar\nRatusan BUDAK WAHABI yg kerjanya hanya menghina Presiden terkena Corona,",negative,Dennysiregar7
1246790704593924386,"makanya klo Goblok itu yg elastis...\nudah goblok , ndase jenong culun ...sok keminter",negative,Dennysiregar7
1246790704593924386,"Inilah bentuk dari masker yg di bagikan oleh gabener GILA Wan abud asu wes edan @aniesbaswedan\n\nItu mahluk GOBLOK atau gimana ya",negative,Dennysiregar7
1246790704593924386,"Sepertinya kadrun kekurangan pasukan bacot ancur nih\nYg ada cuma 3 mahluk ini\n@aniesbaswedan @fadlyzon\n@UztadTengkyu\n\nOooiiiiii\nHOAX apa lagi yg elu mau ciptakan\n\nWan Abud wan abud\nDari jaman perjuangan sampai hari ini",negative,Dennysiregar7
1246790704593924386,"Yaaah  https//t.co/Ib9Lod2HUs  di dompleng Gabener  @aniesbaswedan .apanya yg keren Kadrun ..!!",negative,Dennysiregar7
1246790704593924386,"kroni2 kadrunnya ngerampok anggaran APBD DKI",negative,Dennysiregar7
1246790704593924386,"Sesama gede bacot dilarang main sikut, garang ke @aniesbaswedan lembek ke curut @Dennysiregar7 ",negative,Dennysiregar7
1246790704593924386,"bacot anak2 @psi_id ke @aniesbaswedan kaya yg betul ajah",negative,Dennysiregar7
1246790704593924386,"Ooooh.....pantes konpers terus y wan @aniesbaswedan ???\n\nModal bacot tanpa prestasi..",negative,Dennysiregar7
1246790704593924386,"Sangat nyata klo WAN prestasi @aniesbaswedan ini ga bisa kerja #gubernurterbodoh gede bacot kerja nihil hasilnya APBD @DKIJakarta habis sia2 ini gmn koq @PrasetyoEdi_",negative,Dennysiregar7
1246790704593924386,"Kamu\nSemakin\nBanyak\nBacot",negative,Dennysiregar7
1246790704593924386,"Ini lu kritik ke @aniesbaswedan knp masih marak pas psbb? Malah lu  @NNdrae ribut yg dimobil sama istri duduk didepan.. UU jelas ada ... Baca dan mikir!! Antek cebong lagi lu omong!! Nalar minim",negative,Dennysiregar7
1246790704593924386,"Woy Cebong PKI, lgbt, cino ireng silahkan serang.",negative,Dennysiregar7
1246790704593924386,"https//t.co/vnj5SEQXUE\nBuzzeRp knp dungu ya?\nRejim &amp",negative,Dennysiregar7
1246790704593924386,"Halooo #buzzerrp gimana kabar Jatim di Batu ada 174 warga dikarantina 1 desa",negative,Dennysiregar7
1246790704593924386,"Kasian banget ni orang @aniesbaswedan\nSerba ketinggalan\norang sdh pada mati dia baru berencana bagi masker",negative,Dennysiregar7
1246790704593924386,"Ye Jancok dongo Jokowi janji pas nyalon Gubernur ngooooo dongo.",negative,Dennysiregar7
1246790704593924386,"Si luhut antek china",negative,Dennysiregar7
1246790704593924386,"Aslii, salut bangeet. Kang Emil menurutku pemimpin di Indonesia yang paling aktif dan serius menghadapi covid ini",positive,Dennysiregar7
1246790704593924386,"Semoga jasanya mendapatkan balasan terbaik... ",positive,Dennysiregar7
1246790704593924386,"Salut dengan pemimpin seperti ini. Membantu rakyat dengan cara yg tepat",positive,Dennysiregar7
1246790704593924386,"Alhamdulillah...",positive,Dennysiregar7
1246790704593924386,"Jabar emang musti bersyukur dapat pak RK",positive,Dennysiregar7
1246790704593924386,"keren bener dah jadi Gubernur ini si pak @ridwankamil moga lurus terus pak",positive,Dennysiregar7
1246790704593924386,"Alhamdulillah,\n12 ribu paket bantuan sosial Gubernur Jabar @Ridwankamil sudah tersalurkan bagi warga terdampak Covid-19 di seluruh Jabar",positive,Dennysiregar7
1246790704593924386,"Terima kasih pak @ridwankamil untuk kerja cerdasnya",positive,Dennysiregar7
1246790704593924386,"Melihat bagaimana pak @ganjarpranowo menyemangati pak @ridwankamil dalam menangani corona, hati jadi adem liatnya",positive,Dennysiregar7
1246790704593924386,"@itokomar @AnnisaPohan @jokowi @Dennysiregar7 Mantap jiwa",positive,Dennysiregar7
1246790704593924386,"@jokowi @Generasi_MudaNU semoga mei akhir sudah reda",positive,Dennysiregar7
1246790704593924386,"Puji Tuhan, masih ada Pembela pak Jokowi yg jernih pola pikirnya dan berani menyuarakannya...",positive,Dennysiregar7
1246790704593924386,"Jokowi wajib di dukung, #TeJo\n#TetapJokowi",positive,Dennysiregar7
1246790704593924386,"Jokowi wajib di dukung, #TeJo\n#TetapJokowi",positive,Dennysiregar7
1246790704593924386,"jokowi pemimpin",positive,Dennysiregar7
1246790704593924386,"good job pak jokowi #jokowi4ever",positive,Dennysiregar7
1246790704593924386,"@Dennysiregar7 @RinaaMuis @jokowi @AnnisaPohan Betul betul betul..",positive,Dennysiregar7
1246790704593924386,"@jokowi Semangat pak",positive,Dennysiregar7
1246790704593924386,"@billey_djuarsa @Hermawans4putra @jokowi @aniesbaswedan Betul sekali pak.",positive,Dennysiregar7
1246790704593924386,"jokowi wajib di dukung, #TeJo#TetapJokowi#Jokowi2Periode",positive,Dennysiregar7
1246790704593924386,"@AnnisaPohan @jokowi @Dennysiregar7 banyak sabar, soalnya bulan cuci romadon...",positive,Dennysiregar7
1246790704593924386,"Sebagai pendukung dan pemilih @jokowi tidak ada salahnya juga ikut bersuara ketika harga minyak dunia turun,",positive,Dennysiregar7
1246790704593924386,"@TbFirmansyah1 @Dennysiregar7 @jokowi @AnnisaPohan Ini tweet pujian banget buat Denny Siregar.",positive,Dennysiregar7
1246790704593924386,"Bener sekali tepat dengan sasaran nya",positive,Dennysiregar7
1246790704593924386,"mantap ....",positive,Dennysiregar7
1246790704593924386,"@kencono_wahono @AnnisaPohan @Dennysiregar7 Ganti aja acj  aku cinta Jokowi..",positive,Dennysiregar7
1246790704593924386,"@itokomar @AnnisaPohan @jokowi @Dennysiregar7 Mantap jiwa",positive,Dennysiregar7
1246790704593924386,"@cakmut18 @Sukirman_Kir @jokowi @kpw4jateng @halimiskandarnu Semoga bermanfaat, tepat sasaran Yo kang....",positive,Dennysiregar7
1246790704593924386,"@ridwankamil \xf0\x9f\x99\x8fterimakasih pak atas perhatian ke warga JABAR semoga Allah memberikan kesehatan kepada bapak shg bisa terus melaksanakan amanah yg diterima Amin YRA",positive,Dennysiregar7
1246790704593924386,"@ridwankamil Setujuu  bgt",positive,Dennysiregar7
1246790704593924386,"@ridwankamil Alhamdulillah",positive,Dennysiregar7
1246790704593924386,"@ridwankamil Aamiin semoga negatif komendan",positive,Dennysiregar7
1246790704593924386,"@ridwankamil Gokil sih.. segmua aspek mulai diperhatikan satu per sati demi memutus mata rantai penyebaran secara terukur. Jabar terbaik tangani covid lah \xf0\x9f\xa6\x84",positive,Dennysiregar7
1246790704593924386,"@ridwankamil Sehat selalu pak",positive,Dennysiregar7
1246790704593924386,"@ridwankamil Maaf pak, semoga bapak sehat terus dengan kepadatan pekerjaan yang super xstra ini, bapak bisa menjaga kesehatan,amiin amiiii, hanya modoakan semoga sehat selalu amiiin",positive,Dennysiregar7
1246790704593924386,"Alhamdullilah... Semoga semua sehat dan alat testnya cepat berlipat ganda untuk semua",positive,Dennysiregar7
1246790704593924386,"@ridwankamil Keren pak, hatur nuhun #jabartanggapcovid19",positive,Dennysiregar7
1246790704593924386,"@ridwankamil Bagus pak saya mendukung @ridwankamil semangat",positive,Dennysiregar7
1246790704593924386,"@ridwankamil Terima kasih Pak Gubernur yg sdh memperhatikan Warga Jabar'",positive,Dennysiregar7
1246790704593924386,"@ridwankamil mantapp jabar juaraa",positive,Dennysiregar7
1246790704593924386,"memang jossss lah",positive,Dennysiregar7
1246790704593924386,"@ridwankamil @erteyoyo Aamiin, semoga di respon dengan baik dan bijak",positive,Dennysiregar7
1246790704593924386,"@ridwankamil Mantab gubernur ku.",positive,Dennysiregar7
1246790704593924386,"@ridwankamil Semoga pandemi ini segera berakhir",positive,Dennysiregar7
1246790704593924386,"@TirtoID Keren pak @ridwankamil",positive,Dennysiregar7
1246790704593924386,"@ridwankamil terima kasih kang emil dan jajaran",positive,Dennysiregar7
1246790704593924386,"Semoga ada solusi dari pak gubernur untuk org2 yg masih bekerja diluar kota dan hanya dapat mengandalkan KRL, apabila suatu saat krl harus ditutup sementara demi mendukung program pemerintah",positive,Dennysiregar7
1246790704593924386,"@ridwankamil Amiiin. Ya Allah",positive,Dennysiregar7
1246790704593924386,"Alhamdulilah jika ada penyusutan dari penyebaran virus pak",positive,Dennysiregar7
1246790704593924386,"Alhamdulillah bantuan sembako dari Gubernur Jawa Barat sudah diterima oleh keluarga di kampung Ds. Cidahu, Kab. Kuningan.\nTerima kasih pak @ridwankamil dan jajaran yang sudah bekerja keras menangani dampak pandemi Covid-19 ini.\n\n#RamadhanBulanPerjuangan \n#jabartanggapcovid19 https//t.co/v8MJZ3Dl5W",positive,Dennysiregar7
1246790704593924386,"Asik masuk berita\nTerima kasih udah percayain tim kami bapa @ridwankamil insya allah amanah",positive,Dennysiregar7
1246790704593924386,"Alhamdulillah pemberian bansos dari pemprov jabar di desa situsari kec.dawuan berjalan dgn lancar ",positive,Dennysiregar7
1246790704593924386,"Mohon bantuannya pak @jokowi",positive,Dennysiregar7
1246790704593924386,"Semoga apapun kebijakan yg nanti di ambil adalah yg terbaik, dan semoga Bapak selalu dlm keadaan sehat",positive,Dennysiregar7
1246790704593924386,"HBD bpk @aniesbaswedan. Semoga senantiasa dilimpahi keberkahan, istiqomah dlm menjalankan amanah, dan menjadi pemimpin yg dicintai warganya. Aamiin",positive,Dennysiregar7
1246790704593924386,"Selamat Hari Milad ke.51 Pak Gubenur @DKIJakarta\n\nSemoga Pak @aniesbaswedan Panjang Umur, Sehat Afiat. \nTetap Istiqomah Menjalankan Amanat. \n\nSemoga Allah SWT, Senantiasa Melindungi Serta Memberikan Kemudahan Dalam Segala Urusan Dunia dan Urusan Akhirat. Aamiin",positive,Dennysiregar7
1246790704593924386,"Terima kasih Pak @aniesbaswedan ..\n\nLuar biasa",positive,Dennysiregar7
1246790704593924386,"sabar bang @aniesbaswedan",positive,Dennysiregar7
1246790704593924386,"semoga allah berikan kesehatan",positive,Dennysiregar7
1246790704593924386,"SANGAT SETUJU\n\nPokoknya gue sih sangat setuju!",positive,Dennysiregar7
1246790704593924386,"Tolong dibantu pak @ganjarpranowo",positive,Dennysiregar7
1246790704593924386,"Selamat mas @ganjarpranowo",positive,Dennysiregar7
1246790704593924386,"Alhamdulillah pasien Covid ke 11 di Kebumen asal kampungku sudah diperbolehkan pulang",positive,Dennysiregar7
1246790704593924386,"Terimakasih kepada seluruh warga Jateng yang telah berpartisipasi dalam Sensus Penduduk Online!",positive,Dennysiregar7
1246790704593924386,"Semoga bisa menjadi contoh bagi manusia manusia lainnya",positive,Dennysiregar7
1246790704593924386,"Alhamdulillah...kerja Gub kita @aniesbaswedan dan team terbaik",positive,Dennysiregar7
1246790704593924386,"Alhamdulillah pak @aniesbaswedan memang sangat mengagumkan\",positive,Dennysiregar7
1246790704593924386,"Alhamdulillah, pak @aniesbaswedan sudah bisa jujur sekarang.",positive,Dennysiregar7
1246790704593924386,"Ayo dukung @aniesbaswedan",positive,Dennysiregar7
1246790704593924386,"Setuju banget!  ",positive,Dennysiregar7
1246790704593924386,"Hebat @aniesbaswedan diajak ngobrol sama erdogan bagaimana dengan anda @jokowi apakah bisa seperti Anies baswedan",positive,Dennysiregar7
1246790704593924386,"memang pemimpin berkualitas bapak",positive,Dennysiregar7
1246790704593924386,"Wah Cakep @aniesbaswedan",positive,Dennysiregar7
1246790704593924386,"Terima kasih Gubernur @aniesbaswedan,",positive,Dennysiregar7
1246790704593924386,"Saya sangat yakin akan keikhlasan pak @aniesbaswedan membantu dan melayani warganya. Beliau tdk butuh pujian survei apalagi pujian seorang Ade Armando.\nBeliau tahu betul hakikat pemimpin itu bagaimana, dan pertanggungjawabannya di akhirat kelak.\nSemoga sehat selalu pak Anies",positive,Dennysiregar7
1246790704593924386,"Yang beda dari jokowi dia tak banyak berharap pada orang lain, selalu tanggap keluhan turun langsung kelapangan",positive,Dennysiregar7
1246790704593924386,"putra terbaik bangsa",positive,Dennysiregar7
1246790704593924386,"Jokowilah memiliki semangat millenial, jadi @jokowi lah yang paling pantas memimpin Indonesia ",positive,Dennysiregar7
1246790704593924386,"Saya akan perbaiki kehidupan ekonomi rakyat. Rakyat harus bisa senyum karena punya pekerjaan",positive,Dennysiregar7
1246790704593924386,"Semoga dan keluarganya dilindungi dari virus",positive,Dennysiregar7
1246790704593924386,"Jgn kasih kendor, jgn juga ada yg pisahin para pejabat saling koreksi, hajar terus kang.... ",positive,Dennysiregar7
1246790704593924386,"Tetap semangat pak Allah selalu melindungi mu, dan Rakyat akan Bersamamu.",positive,Dennysiregar7
1246790704593924386,"msaid_didu semoga sehat selalu Om!! Jangan lupa tegakkan kepala di hadapan mereka!",positive,Dennysiregar7
1246790704593924386,"koplak lo, jokowi gagal tangani virus corona",negative,Dennysiregar7
1246790704593924386,"pejabat korup koruptor memang begitu",negative,Dennysiregar7
